method,rep,fold,auc,ap,recall_top1,recall_top5,recall_top10
gradient boosting (tuned),0,0,0.9248298695907067,0.12347557207357579,0.1580188679245283,0.5318396226415094,0.7216981132075472
logistic regression (tuned),0,0,0.844365285851657,0.04880843090799163,0.12028301886792453,0.33254716981132076,0.5058962264150944
gradient boosting (tuned),0,1,0.9215961788737215,0.1371480997944999,0.1792452830188679,0.5106132075471698,0.7122641509433962
logistic regression (tuned),0,1,0.843288693409229,0.04221076082684703,0.10731132075471699,0.31957547169811323,0.4846698113207547
gradient boosting (tuned),0,2,0.9148628640535943,0.13170718922870045,0.17196702002355713,0.4994110718492344,0.6866902237926973
logistic regression (tuned),0,2,0.8465592192221576,0.046997495704060935,0.1154299175500589,0.3498233215547703,0.49352179034157834
gradient boosting (tuned),0,3,0.9148675977128136,0.15571991231367852,0.1967020023557126,0.5076560659599529,0.6855123674911661
logistic regression (tuned),0,3,0.8444666056050897,0.04779503509546928,0.12603062426383982,0.36395759717314485,0.49705535924617195
gradient boosting (tuned),0,4,0.9212633282190901,0.141828048809668,0.19434628975265017,0.49823321554770317,0.7114252061248527
logistic regression (tuned),0,4,0.849953247628568,0.050361817572117704,0.1354534746760895,0.36395759717314485,0.4958775029446408
