noise_attributes,law,fold,auc,ap,weight_on_noise,effective_attributes,mean_rank_of_noise
0,equal,0,0.8784053928493277,0.4002500356001313,0.0,30.0,NaN
0,equal,1,0.8705076619986953,0.37280163624019536,0.0,30.0,NaN
0,equal,2,0.8673263386227824,0.361951474459567,0.0,30.0,NaN
0,equal,3,0.8779348481673424,0.38805914790463564,0.0,30.0,NaN
0,equal,4,0.8701804246962138,0.37442259172379516,0.0,30.0,NaN
0,zeta,0,0.8782216885429384,0.4013455321077296,0.0,9.89977422199564,NaN
0,zeta,1,0.8687163244654101,0.36120515227830485,0.0,9.89977422199564,NaN
0,zeta,2,0.8658425052108716,0.3561870964501784,0.0,9.89977422199564,NaN
0,zeta,3,0.8746695493781885,0.3768891418529277,0.0,9.89977422199564,NaN
0,zeta,4,0.8689219249957687,0.36834362608654686,0.0,9.89977422199564,NaN
0,geometric,0,0.8801431692139308,0.40346613027086253,0.0,12.146533355716693,NaN
0,geometric,1,0.8720486693326265,0.37679643973720134,0.0,12.146533355716693,NaN
0,geometric,2,0.870085431954442,0.36765342939908296,0.0,12.146533355716693,NaN
0,geometric,3,0.8775295088375391,0.3843993598680286,0.0,12.146533355716693,NaN
0,geometric,4,0.872743096134265,0.37983777123623713,0.0,12.146533355716693,NaN
0,linear,0,0.8803341830445169,0.40297051279065244,0.0,22.868852459016395,NaN
0,linear,1,0.8726055794606403,0.3738085781593164,0.0,22.868852459016395,NaN
0,linear,2,0.8704437666751146,0.36588234769213873,0.0,22.868852459016395,NaN
0,linear,3,0.8784500018806133,0.38531400432462415,0.0,22.868852459016395,NaN
0,linear,4,0.8723331812051508,0.3744017065854563,0.0,22.868852459016395,NaN
30,equal,0,0.8694525279800396,0.3801020885747513,0.5,60.000000000000014,45.5
30,equal,1,0.8634525008423808,0.3663140907007469,0.5,60.000000000000014,45.5
30,equal,2,0.8555331354804767,0.34764941837161273,0.5,60.000000000000014,45.5
30,equal,3,0.8678250405003506,0.37169441695392774,0.5,60.000000000000014,45.5
30,equal,4,0.8609008994033083,0.36216046942915675,0.5,60.000000000000014,45.5
30,zeta,0,0.8761246952737078,0.3970415666019189,0.14634663390163616,13.449467498447303,45.5
30,zeta,1,0.8662817067940641,0.35544355079194484,0.14634663390163616,13.449467498447303,45.5
30,zeta,2,0.8633120235497747,0.3519759638869777,0.14634663390163616,13.449467498447303,45.5
30,zeta,3,0.8727605169940277,0.37540968190794144,0.14634663390163616,13.449467498447303,45.5
30,zeta,4,0.868350226949726,0.3655566174168436,0.14634663390163616,13.449467498447303,45.5
30,geometric,0,0.8800523882841098,0.4035090766197517,0.0075729720655392935,12.331897114159709,45.5
30,geometric,1,0.8719337333659489,0.3768903703771157,0.0075729720655392935,12.331897114159709,45.5
30,geometric,2,0.8701270206265951,0.3681583844121877,0.0075729720655392935,12.331897114159709,45.5
30,geometric,3,0.8773446378341783,0.3843238054974301,0.0075729720655392935,12.331897114159709,45.5
30,geometric,4,0.8728594171039092,0.3803673969598295,0.0075729720655392935,12.331897114159709,45.5
30,linear,0,0.8757803914787919,0.3827689212040073,0.25409836065573776,45.37190082644628,45.5
30,linear,1,0.8675240738549284,0.355632331702787,0.25409836065573776,45.37190082644628,45.5
30,linear,2,0.8645471230952021,0.3472331998740123,0.25409836065573776,45.37190082644628,45.5
30,linear,3,0.873705315284819,0.37128630169016813,0.25409836065573776,45.37190082644628,45.5
30,linear,4,0.8656355532629983,0.3533129229847532,0.25409836065573776,45.37190082644628,45.5
60,equal,0,0.8673278509381334,0.38030627289897195,0.6666666666666665,90.0,60.5
60,equal,1,0.8547065291148641,0.3511396079377401,0.6666666666666665,90.0,60.5
60,equal,2,0.8488838629608724,0.34599539769993526,0.6666666666666665,90.0,60.5
60,equal,3,0.8623231971634977,0.3631219906730925,0.6666666666666665,90.0,60.5
60,equal,4,0.8537860103863586,0.3528499687124335,0.6666666666666665,90.0,60.5
60,zeta,0,0.8763510804800039,0.3985750499440242,0.21398295408205262,15.810496174168682,60.5
60,zeta,1,0.8660956920058884,0.3574071846323548,0.21398295408205262,15.810496174168682,60.5
60,zeta,2,0.8650990341808055,0.3556712174728098,0.21398295408205262,15.810496174168682,60.5
60,zeta,3,0.8737752505917216,0.3755045261627654,0.21398295408205262,15.810496174168682,60.5
60,zeta,4,0.868609273035498,0.36818808199538033,0.21398295408205262,15.810496174168682,60.5
60,geometric,0,0.880112628845592,0.4035231455910996,0.007630318657526873,12.333322373256811,60.5
60,geometric,1,0.8719785567126027,0.3769300700814269,0.007630318657526873,12.333322373256811,60.5
60,geometric,2,0.8701031596510568,0.3680584828420996,0.007630318657526873,12.333322373256811,60.5
60,geometric,3,0.8774544941956215,0.38477383385761776,0.007630318657526873,12.333322373256811,60.5
60,geometric,4,0.872724877692971,0.3802756069107689,0.007630318657526873,12.333322373256811,60.5
60,linear,0,0.8729369445575531,0.3920561458772016,0.44688644688644685,67.87292817679558,60.5
60,linear,1,0.8645202794977214,0.36234794262389286,0.44688644688644685,67.87292817679558,60.5
60,linear,2,0.8612152823331026,0.35306585299749554,0.44688644688644685,67.87292817679558,60.5
60,linear,3,0.8715650262345553,0.3787070613119099,0.44688644688644685,67.87292817679558,60.5
60,linear,4,0.8609520285772623,0.35894517244571084,0.44688644688644685,67.87292817679558,60.5
