noise_attributes,method,fold,auc,ap,weight_on_noise
0,ZRL s=0,0,0.8784053088318082,0.4002500923224141,0.0
0,ZRL s=1,0,0.8763482658931007,0.4098319024195781,0.0
0,gradient boosting,0,0.9276926953362169,0.5803933255998759,NaN
0,ZRL s=0,1,0.870507535972416,0.3728020757854571,0.0
0,ZRL s=1,1,0.8678655210541812,0.3773722181711413,0.0
0,gradient boosting,1,0.9237797684048673,0.5721087636281438,NaN
0,ZRL s=0,2,0.8673261705877433,0.36195063776228587,0.0
0,ZRL s=1,2,0.8667924072863522,0.37260137477874344,0.0
0,gradient boosting,2,0.9221926564571097,0.5598602627720923,NaN
0,ZRL s=0,3,0.8779348061893669,0.3880589149612826,0.0
0,ZRL s=1,3,0.8727879286119193,0.3870485510060296,0.0
0,gradient boosting,3,0.9287845747396022,0.5775408436286731,NaN
0,ZRL s=0,4,0.8701805086521646,0.37442298930088636,0.0
0,ZRL s=1,4,0.8696258116861311,0.38810940903354013,0.0
0,gradient boosting,4,0.9242319793589258,0.5830729684788359,NaN
15,ZRL s=0,0,0.8724080122635332,0.3907216707285298,0.33333333333333326
15,ZRL s=1,0,0.874814568083366,0.4110006406085915,0.09100471134475685
15,gradient boosting,0,0.924846538849974,0.5748420832323826,NaN
15,ZRL s=0,1,0.8657867175779229,0.3679535419208654,0.33333333333333326
15,ZRL s=1,1,0.8677155917906313,0.37634468821632006,0.091694208228595
15,gradient boosting,1,0.9203287487913555,0.5613835748725363,NaN
15,ZRL s=0,2,0.8619684573866712,0.35579191989547493,0.33333333333333326
15,ZRL s=1,2,0.8676631228497029,0.3717739083238429,0.09100471134475684
15,gradient boosting,2,0.9164599100533641,0.547786962607367,NaN
15,ZRL s=0,3,0.8710705256851478,0.3846409929766234,0.33333333333333326
15,ZRL s=1,3,0.8717773508337832,0.3846850162163946,0.09100471134475685
15,gradient boosting,3,0.9232800238233406,0.5641659829774543,NaN
15,ZRL s=0,4,0.8621738395272677,0.3670856596491291,0.33333333333333326
15,ZRL s=1,4,0.8693782255876246,0.3857997711219614,0.09100471134475684
15,gradient boosting,4,0.9207122100833112,0.5713535430272402,NaN
30,ZRL s=0,0,0.8662629288784555,0.378020204695785,0.5
30,ZRL s=1,0,0.875951199095938,0.40782828044739894,0.1463466339016362
30,gradient boosting,0,0.9212781887704788,0.5702472441514693,NaN
30,ZRL s=0,1,0.8599569519435332,0.3606332558612746,0.5
30,ZRL s=1,1,0.8682283087033873,0.3778461951221912,0.1467918029233184
30,gradient boosting,1,0.9200036429996455,0.5608270431366911,NaN
30,ZRL s=0,2,0.852181970688892,0.33750641661079345,0.5
30,ZRL s=1,2,0.8661964290117704,0.37349567816154966,0.14634663390163616
30,gradient boosting,2,0.9154111193574306,0.5398875929127286,NaN
30,ZRL s=0,3,0.8624723449098516,0.36858497576825594,0.5
30,ZRL s=1,3,0.8713612651422953,0.382742858417802,0.14634663390163616
30,gradient boosting,3,0.9218407879501046,0.5594620036930374,NaN
30,ZRL s=0,4,0.8550129846273296,0.34846669684961823,0.5
30,ZRL s=1,4,0.8693475816656324,0.38650674504243004,0.14657639855798826
30,gradient boosting,4,0.9180155869259763,0.5622961864902462,NaN
60,ZRL s=0,0,0.8636788440399168,0.37288791089580214,0.6666666666666665
60,ZRL s=1,0,0.8751950834291867,0.40851377531631033,0.2145791687275717
60,gradient boosting,0,0.9211003656904544,0.5696520488542156,NaN
60,ZRL s=0,1,0.8550821294357943,0.3506600042466748,0.6666666666666665
60,ZRL s=1,1,0.8662318003874803,0.37609677014501647,0.21507601426550424
60,gradient boosting,1,0.919159855051295,0.5557676486076835,NaN
60,ZRL s=0,2,0.8470078777766897,0.3415051615566335,0.6666666666666665
60,ZRL s=1,2,0.8659932746496165,0.3741839385674969,0.21419451411755944
60,gradient boosting,2,0.9140232339527904,0.5387117054195416,NaN
60,ZRL s=0,3,0.8594574027655763,0.36492774702053493,0.6666666666666665
60,ZRL s=1,3,0.870656370980525,0.3859890030828437,0.21439285165084698
60,gradient boosting,3,0.9208723560592017,0.5422273516134636,NaN
60,ZRL s=0,4,0.8502569220002202,0.33867793328266,0.6666666666666665
60,ZRL s=1,4,0.8683524098044431,0.38624694752930516,0.21457916872757174
60,gradient boosting,4,0.9174150500108806,0.5597125146899463,NaN
