n,rep,edges,fit_seconds,matvec_seconds,sort_seconds,refine_seconds,summary_seconds,checks_seconds,peak_rss_gb,dense_float32_gb,mse,irregular_fraction
10000,0,49995000,7.860708713531494,0.020645618438720703,0.015141963958740234,4.022609233856201,0.3681955337524414,3.4545164108276367,5.237084,0.4,0.0010626824969182278,0.060515873015873016
10000,1,49995000,7.904654264450073,0.0214383602142334,0.014288187026977539,4.078620910644531,0.3557751178741455,3.4557337760925293,5.305012,0.4,0.0011414438382372938,0.05257936507936508
25000,0,312487500,10.71652626991272,0.0382990837097168,0.03898358345031738,6.393160581588745,0.745063304901123,3.5390470027923584,5.330068,2.5,0.0008895169419699709,0.05357142857142857
25000,1,312487500,10.6468186378479,0.032680511474609375,0.0379023551940918,6.299533128738403,0.7516427040100098,3.5574734210968018,5.357136,2.5,0.0009545725506924944,0.07242063492063493
50000,0,1249975000,16.444204092025757,0.039240360260009766,0.07734394073486328,11.116004228591919,1.6208386421203613,3.6297669410705566,6.000676,10.0,0.0008655985544840663,0.0744047619047619
50000,1,1249975000,16.40822982788086,0.04048871994018555,0.07891106605529785,11.237527847290039,1.5391948223114014,3.5523290634155273,5.642064,10.0,0.0009043697968525156,0.05555555555555555
100000,0,4999950000,29.170114278793335,0.06857466697692871,0.1810760498046875,21.33044123649597,3.810131788253784,3.8481554985046387,5.97386,40.0,0.0009158663127686444,0.08928571428571429
100000,1,4999950000,30.502166509628296,0.06580591201782227,0.1752758026123047,22.628708362579346,3.9538214206695557,3.7440831661224365,5.880196,40.0,0.0009431118916766247,0.07837301587301587
250000,0,31249875000,76.86832094192505,0.10288238525390625,0.6158244609832764,57.0544867515564,13.910963296890259,5.286492347717285,13.133176,250.0,0.0009289772939522673,0.0679563492063492
250000,1,31249875000,76.92147707939148,0.09942483901977539,0.602041482925415,57.25797152519226,13.879577398300171,5.181334495544434,12.67252,250.0,0.0009048718118268231,0.05853174603174603
500000,0,124999750000,153.75287318229675,0.2391040325164795,1.199791669845581,113.83361792564392,32.42648959159851,6.292485237121582,15.060204,1000.0,0.0008442941138285917,0.06696428571428571
500000,1,124999750000,159.1108329296112,0.23077607154846191,1.288072109222412,121.1876482963562,30.943181037902832,5.691349029541016,14.556032,1000.0,0.0008991386615108377,0.06944444444444445
1000000,0,499999500000,275.2621476650238,0.4127035140991211,2.6726303100585938,209.01546430587769,57.75896096229553,5.81426215171814,15.735216,4000.0,0.0009611500421988967,0.07490079365079365
1000000,1,499999500000,277.94333028793335,0.41483068466186523,2.4709529876708984,212.22725105285645,57.702900886535645,5.5415191650390625,15.670452,4000.0,0.0008685120222663435,0.09970238095238096
2077023,0,2157011232753,470.62083554267883,0.897824764251709,5.32535195350647,337.62019896507263,121.40216445922852,6.272075653076172,16.560348,17256.098170116,0.0010012773586548366,0.06001984126984127
2077023,1,2157011232753,474.631796836853,0.8270003795623779,5.538038492202759,346.8199973106384,116.2951180934906,5.9774041175842285,16.866932,17256.098170116,0.0010090282326046384,0.08234126984126984
