method,sweep,value,rep,fold,s,q,k,auc,ap,recall_top1,recall_top5,recall_top10
ZRL/profile_logit,main,main,0,0,1.0,1.0,64,0.8557134900518266,0.044439207135841374,0.09669811320754718,0.3384433962264151,0.5188679245283019
ZRL/class_risk,main,main,0,0,1.0,1.0,64,0.8005929332429579,0.02421298226464441,0.05778301886792453,0.21933962264150944,0.3596698113207547
ZRL/deviation,main,main,0,0,1.0,1.0,64,0.6836841662653689,0.012254707121302378,0.009433962264150943,0.06132075471698113,0.19693396226415094
k-means partition/profile_logit,partition,kmeans,0,0,1.0,1.0,64,0.8587874629216845,0.04692654025289775,0.10259433962264151,0.3443396226415094,0.5235849056603774
k-means partition/class_risk,partition,kmeans,0,0,1.0,1.0,64,0.8321015325591499,0.034471481816456005,0.08962264150943396,0.2971698113207547,0.42924528301886794
k-means partition/deviation,partition,kmeans,0,0,1.0,1.0,64,0.7060245614015893,0.015225870754463779,0.024764150943396228,0.11438679245283019,0.21816037735849056
random equal-sized partition/profile_logit,partition,random,0,0,1.0,1.0,64,0.8272440796725746,0.037547848294954805,0.09316037735849056,0.2841981132075472,0.43160377358490565
random equal-sized partition/class_risk,partition,random,0,0,1.0,1.0,64,0.5086187358623537,0.0076529736270868984,0.00589622641509434,0.049528301886792456,0.10613207547169812
random equal-sized partition/deviation,partition,random,0,0,1.0,1.0,64,0.6477088165808554,0.023537889934560813,0.060141509433962265,0.21933962264150944,0.30542452830188677
ZRL (equal weights)/profile_logit,weights,equal,0,0,0.0,1.0,64,0.8582631370809075,0.04703087305467247,0.11438679245283019,0.33608490566037735,0.5400943396226415
ZRL (equal weights)/class_risk,weights,equal,0,0,0.0,1.0,64,0.7972719329081737,0.022975060739444345,0.054245283018867926,0.18396226415094338,0.3431603773584906
ZRL (equal weights)/deviation,weights,equal,0,0,0.0,1.0,64,0.679980337531124,0.012674352902251175,0.01768867924528302,0.09905660377358491,0.1804245283018868
logistic regression (all attributes),baseline,lr,0,0,1.0,1.0,64,0.8443646125803107,0.04880920122667291,0.12028301886792453,0.33254716981132076,0.5058962264150944
gradient boosting (all attributes),baseline,gb,0,0,1.0,1.0,64,0.9159860927808311,0.09740575489264117,0.15683962264150944,0.5082547169811321,0.6910377358490566
gradient boosting (behavioural attributes),baseline,gb_behavioural,0,0,1.0,1.0,64,0.8793735548861743,0.09802667630418356,0.1580188679245283,0.455188679245283,0.6120283018867925
isolation forest (no labels),baseline,iforest,0,0,1.0,1.0,64,0.7413117909505935,0.018145211740561412,0.04245283018867924,0.1615566037735849,0.2806603773584906
ZRL/profile_logit,main,main,0,1,1.0,1.0,64,0.8539437700182506,0.03868945379723511,0.08608490566037735,0.32075471698113206,0.5047169811320755
ZRL/class_risk,main,main,0,1,1.0,1.0,64,0.7979932169174238,0.02294350835759306,0.04245283018867924,0.1945754716981132,0.357311320754717
ZRL/deviation,main,main,0,1,1.0,1.0,64,0.6845896846666322,0.012034088484082026,0.008254716981132075,0.07311320754716981,0.16863207547169812
k-means partition/profile_logit,partition,kmeans,0,1,1.0,1.0,64,0.8540080674318283,0.039367759901251076,0.09551886792452831,0.30660377358490565,0.5011792452830188
k-means partition/class_risk,partition,kmeans,0,1,1.0,1.0,64,0.8259944722739285,0.029718094378648977,0.07311320754716981,0.25943396226415094,0.39976415094339623
k-means partition/deviation,partition,kmeans,0,1,1.0,1.0,64,0.7039655924257646,0.01516331730542705,0.030660377358490566,0.13089622641509435,0.2134433962264151
random equal-sized partition/profile_logit,partition,random,0,1,1.0,1.0,64,0.8282306220724268,0.031799769814934736,0.07193396226415094,0.27122641509433965,0.455188679245283
random equal-sized partition/class_risk,partition,random,0,1,1.0,1.0,64,0.5055027256128073,0.007514784753644783,0.007075471698113208,0.049528301886792456,0.09080188679245282
random equal-sized partition/deviation,partition,random,0,1,1.0,1.0,64,0.6400583764128809,0.019896717793317673,0.06132075471698113,0.18985849056603774,0.2665094339622642
ZRL (equal weights)/profile_logit,weights,equal,0,1,0.0,1.0,64,0.8574093974541254,0.042484722196521205,0.10023584905660378,0.3242924528301887,0.5
ZRL (equal weights)/class_risk,weights,equal,0,1,0.0,1.0,64,0.7879332227597359,0.020684572236762417,0.03773584905660377,0.16745283018867924,0.3278301886792453
ZRL (equal weights)/deviation,weights,equal,0,1,0.0,1.0,64,0.6737595101681646,0.012665029486116556,0.014150943396226415,0.10849056603773585,0.19929245283018868
logistic regression (all attributes),baseline,lr,0,1,1.0,1.0,64,0.8432885198314599,0.04221031759236673,0.10731132075471699,0.31957547169811323,0.4846698113207547
gradient boosting (all attributes),baseline,gb,0,1,1.0,1.0,64,0.9151680470552711,0.10458736368124369,0.16627358490566038,0.4988207547169811,0.6922169811320755
gradient boosting (behavioural attributes),baseline,gb_behavioural,0,1,1.0,1.0,64,0.8769740368474677,0.11258270972521318,0.16273584905660377,0.4681603773584906,0.6273584905660378
isolation forest (no labels),baseline,iforest,0,1,1.0,1.0,64,0.7371007784952419,0.017456421890608753,0.04481132075471698,0.1403301886792453,0.25825471698113206
ZRL/profile_logit,main,main,0,2,1.0,1.0,64,0.8593198878077583,0.042401808960836236,0.09187279151943463,0.32273262661955243,0.502944640753828
ZRL/class_risk,main,main,0,2,1.0,1.0,64,0.8047471540883517,0.02314182859868896,0.04946996466431095,0.19199057714958775,0.3333333333333333
ZRL/deviation,main,main,0,2,1.0,1.0,64,0.6889659790598467,0.01266725900778271,0.011778563015312132,0.08716136631330977,0.19081272084805653
k-means partition/profile_logit,partition,kmeans,0,2,1.0,1.0,64,0.8654956896696656,0.045096209820936345,0.10482921083627797,0.34275618374558303,0.5147232037691402
k-means partition/class_risk,partition,kmeans,0,2,1.0,1.0,64,0.8315290368645822,0.032435749475742445,0.08480565371024736,0.2744405182567727,0.4204946996466431
k-means partition/deviation,partition,kmeans,0,2,1.0,1.0,64,0.7141734394244611,0.0166518554104299,0.03651354534746761,0.14016489988221437,0.24617196702002356
random equal-sized partition/profile_logit,partition,random,0,2,1.0,1.0,64,0.8337951461846435,0.03613735140447615,0.0895170789163722,0.2956419316843345,0.4534746760895171
random equal-sized partition/class_risk,partition,random,0,2,1.0,1.0,64,0.5072472322646548,0.007731852549038475,0.009422850412249705,0.05418138987043581,0.1071849234393404
random equal-sized partition/deviation,partition,random,0,2,1.0,1.0,64,0.6391157034925811,0.02039145705204481,0.0706713780918728,0.20141342756183744,0.29093050647820967
ZRL (equal weights)/profile_logit,weights,equal,0,2,0.0,1.0,64,0.8642342456676037,0.04841890985907761,0.11189634864546526,0.3568904593639576,0.5300353356890459
ZRL (equal weights)/class_risk,weights,equal,0,2,0.0,1.0,64,0.7979260719904561,0.022367550603100552,0.045936395759717315,0.17785630153121318,0.33451118963486454
ZRL (equal weights)/deviation,weights,equal,0,2,0.0,1.0,64,0.6928579873653644,0.014583582310837635,0.030624263839811542,0.12014134275618374,0.22379269729093051
logistic regression (all attributes),baseline,lr,0,2,1.0,1.0,64,0.8465612366751434,0.047001563634068086,0.1154299175500589,0.3498233215547703,0.49352179034157834
gradient boosting (all attributes),baseline,gb,0,2,1.0,1.0,64,0.9131573439743891,0.12511013039982333,0.17196702002355713,0.49469964664310956,0.6713780918727915
gradient boosting (behavioural attributes),baseline,gb_behavioural,0,2,1.0,1.0,64,0.8744689370241963,0.1105574114602352,0.15312131919905772,0.464075382803298,0.6042402826855123
isolation forest (no labels),baseline,iforest,0,2,1.0,1.0,64,0.7649161016957701,0.021680456381762445,0.05535924617196702,0.2049469964664311,0.30977620730270905
ZRL/profile_logit,main,main,0,3,1.0,1.0,64,0.8516241873026889,0.04403773981996075,0.0977620730270907,0.33451118963486454,0.5053003533568905
ZRL/class_risk,main,main,0,3,1.0,1.0,64,0.7947856752516016,0.023304099219392485,0.043580683156654886,0.22143698468786807,0.3498233215547703
ZRL/deviation,main,main,0,3,1.0,1.0,64,0.6773689868132547,0.013362661654457634,0.008244994110718492,0.08480565371024736,0.17196702002355713
k-means partition/profile_logit,partition,kmeans,0,3,1.0,1.0,64,0.8551648067851652,0.04481858225816153,0.1166077738515901,0.34275618374558303,0.5241460541813898
k-means partition/class_risk,partition,kmeans,0,3,1.0,1.0,64,0.8259407183628906,0.029585194886415606,0.061248527679623084,0.25323910482921086,0.408716136631331
k-means partition/deviation,partition,kmeans,0,3,1.0,1.0,64,0.7108229281094078,0.017215627721933413,0.03651354534746761,0.14016489988221437,0.23557126030624265
random equal-sized partition/profile_logit,partition,random,0,3,1.0,1.0,64,0.8279325328836431,0.0377546681474261,0.09540636042402827,0.3003533568904594,0.464075382803298
random equal-sized partition/class_risk,partition,random,0,3,1.0,1.0,64,0.4946235350769507,0.007397682907590894,0.008244994110718492,0.04711425206124853,0.09305064782096584
random equal-sized partition/deviation,partition,random,0,3,1.0,1.0,64,0.6539093710102766,0.024667945507991517,0.07773851590106007,0.2226148409893993,0.31095406360424027
ZRL (equal weights)/profile_logit,weights,equal,0,3,0.0,1.0,64,0.8563377297836919,0.047320539232975196,0.10129564193168433,0.3710247349823322,0.5335689045936396
ZRL (equal weights)/class_risk,weights,equal,0,3,0.0,1.0,64,0.7963347113798134,0.022325276502626563,0.04240282685512368,0.16725559481743227,0.3510011778563015
ZRL (equal weights)/deviation,weights,equal,0,3,0.0,1.0,64,0.688367399708209,0.014044608318690201,0.023557126030624265,0.11189634864546526,0.20730270906949352
logistic regression (all attributes),baseline,lr,0,3,1.0,1.0,64,0.8444662903780605,0.04779642941257255,0.12603062426383982,0.36395759717314485,0.49705535924617195
gradient boosting (all attributes),baseline,gb,0,3,1.0,1.0,64,0.905397079719991,0.10358686838335224,0.15429917550058891,0.46996466431095407,0.6619552414605419
gradient boosting (behavioural attributes),baseline,gb_behavioural,0,3,1.0,1.0,64,0.874135584440999,0.12539064784195195,0.1707891637220259,0.43462897526501765,0.5924617196702002
isolation forest (no labels),baseline,iforest,0,3,1.0,1.0,64,0.7659370695049541,0.02291967689912377,0.04122497055359246,0.23557126030624265,0.33451118963486454
ZRL/profile_logit,main,main,0,4,1.0,1.0,64,0.8543306950512214,0.04163459520395757,0.09305064782096584,0.30742049469964666,0.5017667844522968
ZRL/class_risk,main,main,0,4,1.0,1.0,64,0.8060389597070927,0.02471591526879567,0.0447585394581861,0.22614840989399293,0.3710247349823322
ZRL/deviation,main,main,0,4,1.0,1.0,64,0.6803662862422821,0.01203611534726292,0.014134275618374558,0.07302709069493522,0.1707891637220259
k-means partition/profile_logit,partition,kmeans,0,4,1.0,1.0,64,0.852719963739645,0.042492284638541954,0.0977620730270907,0.3215547703180212,0.4817432273262662
k-means partition/class_risk,partition,kmeans,0,4,1.0,1.0,64,0.8300726879904723,0.03101331755111303,0.06949352179034157,0.2673733804475854,0.4204946996466431
k-means partition/deviation,partition,kmeans,0,4,1.0,1.0,64,0.7142401887478577,0.016029413625905656,0.03180212014134275,0.13074204946996468,0.23557126030624265
random equal-sized partition/profile_logit,partition,random,0,4,1.0,1.0,64,0.8349716732788689,0.03804948249299399,0.07773851590106007,0.29093050647820967,0.4558303886925795
random equal-sized partition/class_risk,partition,random,0,4,1.0,1.0,64,0.5278376463956354,0.00814189501457091,0.009422850412249705,0.04946996466431095,0.11307420494699646
random equal-sized partition/deviation,partition,random,0,4,1.0,1.0,64,0.647289545609064,0.026019257717115545,0.07302709069493522,0.22379269729093051,0.3121319199057715
ZRL (equal weights)/profile_logit,weights,equal,0,4,0.0,1.0,64,0.8594184015081133,0.04641169550814278,0.10482921083627797,0.3510011778563015,0.5312131919905771
ZRL (equal weights)/class_risk,weights,equal,0,4,0.0,1.0,64,0.7960977762372282,0.022841089810605356,0.048292108362779744,0.18138987043580684,0.35217903415783275
ZRL (equal weights)/deviation,weights,equal,0,4,0.0,1.0,64,0.6753942103134214,0.013397677049895237,0.028268551236749116,0.10365135453474676,0.17785630153121318
logistic regression (all attributes),baseline,lr,0,4,1.0,1.0,64,0.8499526066669424,0.050361782802564294,0.1354534746760895,0.36395759717314485,0.4958775029446408
gradient boosting (all attributes),baseline,gb,0,4,1.0,1.0,64,0.9101401642273979,0.0950787315391631,0.1696113074204947,0.48998822143698467,0.6702002355712603
gradient boosting (behavioural attributes),baseline,gb_behavioural,0,4,1.0,1.0,64,0.8753283562347871,0.09113544679930433,0.16372202591283863,0.4134275618374558,0.5971731448763251
isolation forest (no labels),baseline,iforest,0,4,1.0,1.0,64,0.7515646398661487,0.020349309557292125,0.043580683156654886,0.1872791519434629,0.32626619552414604
ZRL/profile_logit,main,main,1,0,1.0,1.0,64,0.8564558663899746,0.041068884974224805,0.08726415094339622,0.33372641509433965,0.5
ZRL/class_risk,main,main,1,0,1.0,1.0,64,0.7974776173044875,0.022884821492895904,0.04363207547169811,0.19811320754716982,0.3408018867924528
ZRL/deviation,main,main,1,0,1.0,1.0,64,0.6783177044611465,0.011825392521131064,0.01179245283018868,0.0625,0.16627358490566038
k-means partition/profile_logit,partition,kmeans,1,0,1.0,1.0,64,0.8585216417183164,0.04283756573273301,0.10849056603773585,0.32193396226415094,0.5070754716981132
k-means partition/class_risk,partition,kmeans,1,0,1.0,1.0,64,0.8257049340353984,0.030161856263501218,0.08018867924528301,0.25943396226415094,0.4044811320754717
k-means partition/deviation,partition,kmeans,1,0,1.0,1.0,64,0.7077670665449617,0.015223587652034378,0.025943396226415096,0.1214622641509434,0.2016509433962264
random equal-sized partition/profile_logit,partition,random,1,0,1.0,1.0,64,0.8248478753912758,0.03416790269661321,0.08254716981132075,0.27476415094339623,0.4386792452830189
random equal-sized partition/class_risk,partition,random,1,0,1.0,1.0,64,0.5029145180193502,0.007505975055429893,0.012971698113207548,0.041273584905660375,0.09551886792452831
random equal-sized partition/deviation,partition,random,1,0,1.0,1.0,64,0.6370837110666118,0.02199738230271081,0.06367924528301887,0.19929245283018868,0.3007075471698113
ZRL (equal weights)/profile_logit,weights,equal,1,0,0.0,1.0,64,0.8576510019287541,0.0447151977538801,0.09905660377358491,0.35377358490566035,0.5224056603773585
ZRL (equal weights)/class_risk,weights,equal,1,0,0.0,1.0,64,0.7977025846129556,0.021979774028376347,0.03891509433962264,0.16745283018867924,0.33962264150943394
ZRL (equal weights)/deviation,weights,equal,1,0,0.0,1.0,64,0.6643677378217416,0.012801625383965377,0.020047169811320754,0.11674528301886793,0.1875
logistic regression (all attributes),baseline,lr,1,0,1.0,1.0,64,0.849478634449174,0.04610920693041716,0.12264150943396226,0.3584905660377358,0.49174528301886794
gradient boosting (all attributes),baseline,gb,1,0,1.0,1.0,64,0.9122369129094898,0.11509329524091676,0.16627358490566038,0.4858490566037736,0.6792452830188679
gradient boosting (behavioural attributes),baseline,gb_behavioural,1,0,1.0,1.0,64,0.8761198185668375,0.09435719766575666,0.1403301886792453,0.43042452830188677,0.6061320754716981
isolation forest (no labels),baseline,iforest,1,0,1.0,1.0,64,0.7505252358090811,0.01938401875952931,0.054245283018867926,0.16863207547169812,0.2641509433962264
ZRL/profile_logit,main,main,1,1,1.0,1.0,64,0.8544979459753607,0.04009878518591243,0.08844339622641509,0.29952830188679247,0.5023584905660378
ZRL/class_risk,main,main,1,1,1.0,1.0,64,0.8042175684350868,0.02467863150243938,0.054245283018867926,0.2275943396226415,0.35023584905660377
ZRL/deviation,main,main,1,1,1.0,1.0,64,0.6839140358308277,0.012403918294138259,0.012971698113207548,0.08372641509433962,0.17452830188679244
k-means partition/profile_logit,partition,kmeans,1,1,1.0,1.0,64,0.855279766546527,0.04245115647534798,0.09316037735849056,0.3113207547169811,0.5035377358490566
k-means partition/class_risk,partition,kmeans,1,1,1.0,1.0,64,0.8300150541369073,0.03038569912489613,0.0695754716981132,0.2535377358490566,0.4257075471698113
k-means partition/deviation,partition,kmeans,1,1,1.0,1.0,64,0.7078894283522306,0.01580643889209475,0.031839622641509434,0.12971698113207547,0.21933962264150944
random equal-sized partition/profile_logit,partition,random,1,1,1.0,1.0,64,0.8329954791091476,0.03487752541951489,0.08372641509433962,0.27004716981132076,0.4528301886792453
random equal-sized partition/class_risk,partition,random,1,1,1.0,1.0,64,0.49599748600479265,0.007404837546629742,0.00589622641509434,0.04245283018867924,0.10141509433962265
random equal-sized partition/deviation,partition,random,1,1,1.0,1.0,64,0.6587374115090013,0.021540181324772464,0.07193396226415094,0.1945754716981132,0.28773584905660377
ZRL (equal weights)/profile_logit,weights,equal,1,1,0.0,1.0,64,0.8639714681910428,0.046313457273093266,0.10377358490566038,0.3384433962264151,0.5259433962264151
ZRL (equal weights)/class_risk,weights,equal,1,1,0.0,1.0,64,0.8010935473085051,0.022960006565112698,0.04834905660377359,0.19103773584905662,0.3608490566037736
ZRL (equal weights)/deviation,weights,equal,1,1,0.0,1.0,64,0.6962454791933064,0.014122874970801431,0.024764150943396228,0.11084905660377359,0.2169811320754717
logistic regression (all attributes),baseline,lr,1,1,1.0,1.0,64,0.8478098630380932,0.046252475563552296,0.11674528301886793,0.33490566037735847,0.5023584905660378
gradient boosting (all attributes),baseline,gb,1,1,1.0,1.0,64,0.9096901009839692,0.10608064671389547,0.1544811320754717,0.4882075471698113,0.6709905660377359
gradient boosting (behavioural attributes),baseline,gb_behavioural,1,1,1.0,1.0,64,0.8699121988941181,0.10580477535775684,0.1544811320754717,0.4563679245283019,0.5908018867924528
isolation forest (no labels),baseline,iforest,1,1,1.0,1.0,64,0.7364311575419604,0.017662360775460496,0.04245283018867924,0.13561320754716982,0.2818396226415094
ZRL/profile_logit,main,main,1,2,1.0,1.0,64,0.8553892852063198,0.046389356080715836,0.10954063604240283,0.336866902237927,0.5064782096584217
ZRL/class_risk,main,main,1,2,1.0,1.0,64,0.8049363218284714,0.024086809527724618,0.05535924617196702,0.21790341578327443,0.3663133097762073
ZRL/deviation,main,main,1,2,1.0,1.0,64,0.6937612966859636,0.013981992906213896,0.008244994110718492,0.07538280329799764,0.1967020023557126
k-means partition/profile_logit,partition,kmeans,1,2,1.0,1.0,64,0.8571829322552738,0.047455527360955166,0.11425206124852769,0.3404004711425206,0.5041224970553593
k-means partition/class_risk,partition,kmeans,1,2,1.0,1.0,64,0.830261939791133,0.0340042782200842,0.09187279151943463,0.29328621908127206,0.40636042402826855
k-means partition/deviation,partition,kmeans,1,2,1.0,1.0,64,0.72148438957925,0.01819866048701474,0.0353356890459364,0.15547703180212014,0.2508833922261484
random equal-sized partition/profile_logit,partition,random,1,2,1.0,1.0,64,0.8266360041132503,0.038898736850540246,0.09305064782096584,0.2921083627797409,0.45229681978798586
random equal-sized partition/class_risk,partition,random,1,2,1.0,1.0,64,0.49663059082455663,0.007499231524219792,0.01060070671378092,0.04946996466431095,0.10600706713780919
random equal-sized partition/deviation,partition,random,1,2,1.0,1.0,64,0.6557434459257033,0.02640381622033116,0.0800942285041225,0.22732626619552415,0.31448763250883394
ZRL (equal weights)/profile_logit,weights,equal,1,2,0.0,1.0,64,0.8569248296176893,0.04984470082724641,0.11071849234393404,0.34275618374558303,0.5159010600706714
ZRL (equal weights)/class_risk,weights,equal,1,2,0.0,1.0,64,0.7873031207559934,0.021137990582921876,0.0447585394581861,0.17314487632508835,0.3215547703180212
ZRL (equal weights)/deviation,weights,equal,1,2,0.0,1.0,64,0.6769687903385522,0.01357294649856619,0.02944640753828033,0.11307420494699646,0.19434628975265017
logistic regression (all attributes),baseline,lr,1,2,1.0,1.0,64,0.8421139349428572,0.048245847496843214,0.12249705535924617,0.3380447585394582,0.48881036513545345
gradient boosting (all attributes),baseline,gb,1,2,1.0,1.0,64,0.9117131471022482,0.11565104905295301,0.1684334511189635,0.4793875147232038,0.6749116607773852
gradient boosting (behavioural attributes),baseline,gb_behavioural,1,2,1.0,1.0,64,0.8721358472142504,0.10271172225998298,0.15783274440518258,0.4193168433451119,0.5842167255594818
isolation forest (no labels),baseline,iforest,1,2,1.0,1.0,64,0.7460027321357059,0.019628580779097154,0.038869257950530034,0.17550058892815076,0.2956419316843345
ZRL/profile_logit,main,main,1,3,1.0,1.0,64,0.8527579748655619,0.044140627007663615,0.1071849234393404,0.3286219081272085,0.4923439340400471
ZRL/class_risk,main,main,1,3,1.0,1.0,64,0.7990417392529439,0.02345655651886845,0.04711425206124853,0.21201413427561838,0.3510011778563015
ZRL/deviation,main,main,1,3,1.0,1.0,64,0.6822009600890638,0.012474567915359403,0.01060070671378092,0.08362779740871613,0.1955241460541814
k-means partition/profile_logit,partition,kmeans,1,3,1.0,1.0,64,0.8561127942833452,0.04335684514948877,0.10247349823321555,0.33568904593639576,0.5135453474676089
k-means partition/class_risk,partition,kmeans,1,3,1.0,1.0,64,0.8272284155226868,0.032190250137081024,0.08598351001177856,0.2756183745583039,0.4204946996466431
k-means partition/deviation,partition,kmeans,1,3,1.0,1.0,64,0.7107986188516859,0.016325491252504105,0.030624263839811542,0.1330977620730271,0.26501766784452296
random equal-sized partition/profile_logit,partition,random,1,3,1.0,1.0,64,0.8272488422341677,0.03430280527536608,0.08480565371024736,0.2756183745583039,0.4452296819787986
random equal-sized partition/class_risk,partition,random,1,3,1.0,1.0,64,0.5113805100844068,0.007767839003829813,0.01060070671378092,0.043580683156654886,0.09540636042402827
random equal-sized partition/deviation,partition,random,1,3,1.0,1.0,64,0.6349665277229983,0.021776980792906696,0.061248527679623084,0.22379269729093051,0.2944640753828033
ZRL (equal weights)/profile_logit,weights,equal,1,3,0.0,1.0,64,0.8574990471737669,0.046829644860884964,0.11425206124852769,0.3392226148409894,0.5206124852767963
ZRL (equal weights)/class_risk,weights,equal,1,3,0.0,1.0,64,0.7878097168605608,0.021278164851802693,0.04946996466431095,0.16725559481743227,0.32744405182567726
ZRL (equal weights)/deviation,weights,equal,1,3,0.0,1.0,64,0.6873000462417037,0.013751037060444405,0.02120141342756184,0.10129564193168433,0.2037691401648999
logistic regression (all attributes),baseline,lr,1,3,1.0,1.0,64,0.8406987599725224,0.048223312413125725,0.13074204946996468,0.3498233215547703,0.48881036513545345
gradient boosting (all attributes),baseline,gb,1,3,1.0,1.0,64,0.9107372620119991,0.10168069261120256,0.17314487632508835,0.5241460541813898,0.6772673733804476
gradient boosting (behavioural attributes),baseline,gb_behavioural,1,3,1.0,1.0,64,0.87436074585405,0.10514241562040252,0.1696113074204947,0.4581861012956419,0.6065959952885748
isolation forest (no labels),baseline,iforest,1,3,1.0,1.0,64,0.7560148574484533,0.018816136822005457,0.03769140164899882,0.15901060070671377,0.27326266195524146
ZRL/profile_logit,main,main,1,4,1.0,1.0,64,0.8538073761527643,0.04017308575534608,0.08716136631330977,0.3286219081272085,0.5064782096584217
ZRL/class_risk,main,main,1,4,1.0,1.0,64,0.7986449367225872,0.02264572369038951,0.04004711425206125,0.20730270906949352,0.3451118963486455
ZRL/deviation,main,main,1,4,1.0,1.0,64,0.6767827696149388,0.011691911816977001,0.008244994110718492,0.07420494699646643,0.16725559481743227
k-means partition/profile_logit,partition,kmeans,1,4,1.0,1.0,64,0.8586873007134723,0.04184399535076042,0.09540636042402827,0.3286219081272085,0.5147232037691402
k-means partition/class_risk,partition,kmeans,1,4,1.0,1.0,64,0.8295918984720148,0.031112949803984786,0.0706713780918728,0.2791519434628975,0.4334511189634865
k-means partition/deviation,partition,kmeans,1,4,1.0,1.0,64,0.701305183853853,0.015192824690825703,0.0353356890459364,0.11778563015312132,0.20730270906949352
random equal-sized partition/profile_logit,partition,random,1,4,1.0,1.0,64,0.8340670189896124,0.0369397929470453,0.07656065959952886,0.3133097762073027,0.47820965842167257
random equal-sized partition/class_risk,partition,random,1,4,1.0,1.0,64,0.5160962854235323,0.007951946929646183,0.011778563015312132,0.05182567726737338,0.10129564193168433
random equal-sized partition/deviation,partition,random,1,4,1.0,1.0,64,0.6415094902669662,0.021404490452113838,0.06831566548881036,0.21201413427561838,0.29328621908127206
ZRL (equal weights)/profile_logit,weights,equal,1,4,0.0,1.0,64,0.8594530869888741,0.04380081060124196,0.10011778563015312,0.35924617196702,0.5335689045936396
ZRL (equal weights)/class_risk,weights,equal,1,4,0.0,1.0,64,0.7999395005778321,0.02310990316391888,0.043580683156654886,0.18374558303886926,0.3486454652532391
ZRL (equal weights)/deviation,weights,equal,1,4,0.0,1.0,64,0.6855201010609449,0.012979886986345508,0.014134275618374558,0.10247349823321555,0.1896348645465253
logistic regression (all attributes),baseline,lr,1,4,1.0,1.0,64,0.848717757318563,0.04793045890296629,0.11778563015312132,0.3627797408716137,0.5100117785630153
gradient boosting (all attributes),baseline,gb,1,4,1.0,1.0,64,0.9135147693950365,0.12154096088409155,0.18138987043580684,0.5111896348645465,0.6784452296819788
gradient boosting (behavioural attributes),baseline,gb_behavioural,1,4,1.0,1.0,64,0.8838571597473073,0.09433501098556404,0.17550058892815076,0.45700824499411075,0.6230859835100118
isolation forest (no labels),baseline,iforest,1,4,1.0,1.0,64,0.751788267174325,0.02064688425429957,0.0447585394581861,0.1955241460541814,0.3168433451118963
ZRL/profile_logit,main,main,2,0,1.0,1.0,64,0.8524874314967444,0.04367223249647034,0.09787735849056604,0.3242924528301887,0.5259433962264151
ZRL/class_risk,main,main,2,0,1.0,1.0,64,0.8025347161849887,0.02414591611199967,0.04245283018867924,0.21580188679245282,0.38089622641509435
ZRL/deviation,main,main,2,0,1.0,1.0,64,0.6895930533377344,0.0127437950397048,0.014150943396226415,0.07900943396226415,0.19339622641509435
k-means partition/profile_logit,partition,kmeans,2,0,1.0,1.0,64,0.8581312705758035,0.04514787593489244,0.10849056603773585,0.3443396226415094,0.5330188679245284
k-means partition/class_risk,partition,kmeans,2,0,1.0,1.0,64,0.8293968595426366,0.034257612956366,0.09787735849056604,0.2794811320754717,0.4268867924528302
k-means partition/deviation,partition,kmeans,2,0,1.0,1.0,64,0.7168279365445123,0.01745969780379515,0.0294811320754717,0.1544811320754717,0.2535377358490566
random equal-sized partition/profile_logit,partition,random,2,0,1.0,1.0,64,0.8327496351290097,0.038729929206354895,0.09669811320754718,0.30778301886792453,0.49292452830188677
random equal-sized partition/class_risk,partition,random,2,0,1.0,1.0,64,0.5169723816519419,0.007856645198616837,0.008254716981132075,0.054245283018867926,0.11084905660377359
random equal-sized partition/deviation,partition,random,2,0,1.0,1.0,64,0.6484431241827118,0.02281779129597036,0.0695754716981132,0.21816037735849056,0.31014150943396224
ZRL (equal weights)/profile_logit,weights,equal,2,0,0.0,1.0,64,0.8594002818650491,0.04668061224264107,0.10259433962264151,0.3643867924528302,0.5530660377358491
ZRL (equal weights)/class_risk,weights,equal,2,0,0.0,1.0,64,0.794378302080358,0.023613149640594716,0.05660377358490566,0.19693396226415094,0.35259433962264153
ZRL (equal weights)/deviation,weights,equal,2,0,0.0,1.0,64,0.6772647659346916,0.012844913973355679,0.018867924528301886,0.10495283018867925,0.18278301886792453
logistic regression (all attributes),baseline,lr,2,0,1.0,1.0,64,0.8487433222002305,0.05053124789975375,0.125,0.36910377358490565,0.5235849056603774
gradient boosting (all attributes),baseline,gb,2,0,1.0,1.0,64,0.9092092590042891,0.11646317380878982,0.18278301886792453,0.5176886792452831,0.6804245283018868
gradient boosting (behavioural attributes),baseline,gb_behavioural,2,0,1.0,1.0,64,0.8790491958951991,0.10695380367461924,0.1544811320754717,0.49528301886792453,0.6391509433962265
isolation forest (no labels),baseline,iforest,2,0,1.0,1.0,64,0.747524318140236,0.018900295245113455,0.04009433962264151,0.16037735849056603,0.2936320754716981
ZRL/profile_logit,main,main,2,1,1.0,1.0,64,0.8638660644058103,0.04761834039936598,0.09669811320754718,0.3584905660377358,0.5259433962264151
ZRL/class_risk,main,main,2,1,1.0,1.0,64,0.8060743771693013,0.023869176510021874,0.04363207547169811,0.21816037735849056,0.33254716981132076
ZRL/deviation,main,main,2,1,1.0,1.0,64,0.6825636954669145,0.012049884753226678,0.007075471698113208,0.07900943396226415,0.1792452830188679
k-means partition/profile_logit,partition,kmeans,2,1,1.0,1.0,64,0.866818743234675,0.050967054283801286,0.1214622641509434,0.3443396226415094,0.5330188679245284
k-means partition/class_risk,partition,kmeans,2,1,1.0,1.0,64,0.8373270386950924,0.03240846214783578,0.07783018867924528,0.29245283018867924,0.44457547169811323
k-means partition/deviation,partition,kmeans,2,1,1.0,1.0,64,0.7148829240039919,0.015298202441461888,0.02830188679245283,0.1179245283018868,0.2099056603773585
random equal-sized partition/profile_logit,partition,random,2,1,1.0,1.0,64,0.8402751939820987,0.039559898359985655,0.09316037735849056,0.3018867924528302,0.4563679245283019
random equal-sized partition/class_risk,partition,random,2,1,1.0,1.0,64,0.5021284684625394,0.007436627227806144,0.003537735849056604,0.04009433962264151,0.09787735849056604
random equal-sized partition/deviation,partition,random,2,1,1.0,1.0,64,0.6472477887665012,0.021734057467236077,0.07193396226415094,0.21933962264150944,0.29009433962264153
ZRL (equal weights)/profile_logit,weights,equal,2,1,0.0,1.0,64,0.8660372119597903,0.05349674496279415,0.11910377358490566,0.37264150943396224,0.5436320754716981
ZRL (equal weights)/class_risk,weights,equal,2,1,0.0,1.0,64,0.8016673901528343,0.024166411071999055,0.054245283018867926,0.19221698113207547,0.37735849056603776
ZRL (equal weights)/deviation,weights,equal,2,1,0.0,1.0,64,0.6806821229709916,0.013495433611573945,0.024764150943396228,0.10966981132075472,0.19103773584905662
logistic regression (all attributes),baseline,lr,2,1,1.0,1.0,64,0.8513969580927299,0.05220267539432416,0.13443396226415094,0.3738207547169811,0.5117924528301887
gradient boosting (all attributes),baseline,gb,2,1,1.0,1.0,64,0.9179522292098438,0.09733644995288002,0.1733490566037736,0.5283018867924528,0.6945754716981132
gradient boosting (behavioural attributes),baseline,gb_behavioural,2,1,1.0,1.0,64,0.8756349422190114,0.09451173351193387,0.17452830188679244,0.42806603773584906,0.6025943396226415
isolation forest (no labels),baseline,iforest,2,1,1.0,1.0,64,0.7451232799810676,0.017833942761816112,0.04009433962264151,0.1320754716981132,0.27240566037735847
ZRL/profile_logit,main,main,2,2,1.0,1.0,64,0.8623526975616055,0.04214927676987702,0.09305064782096584,0.33451118963486454,0.525323910482921
ZRL/class_risk,main,main,2,2,1.0,1.0,64,0.8011673518861673,0.023895834334501768,0.050647820965842166,0.21908127208480566,0.3651354534746761
ZRL/deviation,main,main,2,2,1.0,1.0,64,0.6861165053460824,0.013377979362429723,0.009422850412249705,0.06949352179034157,0.18138987043580684
k-means partition/profile_logit,partition,kmeans,2,2,1.0,1.0,64,0.8633141977917632,0.042010828132131216,0.10011778563015312,0.3309776207302709,0.519434628975265
k-means partition/class_risk,partition,kmeans,2,2,1.0,1.0,64,0.8236151992554254,0.03065398868797057,0.07773851590106007,0.2591283863368669,0.4075382803297998
k-means partition/deviation,partition,kmeans,2,2,1.0,1.0,64,0.702704040571652,0.016575881688930344,0.03651354534746761,0.1330977620730271,0.23557126030624265
random equal-sized partition/profile_logit,partition,random,2,2,1.0,1.0,64,0.8444643780007511,0.03572315504025622,0.07420494699646643,0.303886925795053,0.4923439340400471
random equal-sized partition/class_risk,partition,random,2,2,1.0,1.0,64,0.5147538595977131,0.007747549456550228,0.005889281507656066,0.0447585394581861,0.09658421672555949
random equal-sized partition/deviation,partition,random,2,2,1.0,1.0,64,0.64882668191693,0.02393059181535169,0.06831566548881036,0.21554770318021202,0.2968197879858657
ZRL (equal weights)/profile_logit,weights,equal,2,2,0.0,1.0,64,0.8640106446283465,0.046999182185675295,0.10247349823321555,0.3510011778563015,0.5371024734982333
ZRL (equal weights)/class_risk,weights,equal,2,2,0.0,1.0,64,0.7951737092167676,0.022521889520081884,0.043580683156654886,0.18492343934040048,0.3380447585394582
ZRL (equal weights)/deviation,weights,equal,2,2,0.0,1.0,64,0.6876640966837444,0.014721292006309259,0.03297997644287397,0.13074204946996468,0.2249705535924617
logistic regression (all attributes),baseline,lr,2,2,1.0,1.0,64,0.8509286914009765,0.04850604598762015,0.12367491166077739,0.34275618374558303,0.5100117785630153
gradient boosting (all attributes),baseline,gb,2,2,1.0,1.0,64,0.9144409904668621,0.11847759108139892,0.18256772673733804,0.5276796230859835,0.6890459363957597
gradient boosting (behavioural attributes),baseline,gb_behavioural,2,2,1.0,1.0,64,0.8839922240216782,0.12406503135720712,0.15547703180212014,0.46054181389870436,0.6348645465253239
isolation forest (no labels),baseline,iforest,2,2,1.0,1.0,64,0.7744209321507024,0.02709353381748899,0.043580683156654886,0.2591283863368669,0.3545347467608952
ZRL/profile_logit,main,main,2,3,1.0,1.0,64,0.8459898509085431,0.04080851125105719,0.09540636042402827,0.32273262661955243,0.47703180212014135
ZRL/class_risk,main,main,2,3,1.0,1.0,64,0.7938918805334952,0.022608097594318782,0.04122497055359246,0.21790341578327443,0.3486454652532391
ZRL/deviation,main,main,2,3,1.0,1.0,64,0.6797534428675808,0.01208319015893133,0.011778563015312132,0.07538280329799764,0.18138987043580684
k-means partition/profile_logit,partition,kmeans,2,3,1.0,1.0,64,0.8434365172271991,0.04252022213981762,0.10365135453474676,0.3286219081272085,0.47703180212014135
k-means partition/class_risk,partition,kmeans,2,3,1.0,1.0,64,0.8228433763824177,0.029473028320877896,0.07656065959952886,0.26501766784452296,0.38869257950530034
k-means partition/deviation,partition,kmeans,2,3,1.0,1.0,64,0.7072367425598856,0.015215365898265887,0.03297997644287397,0.1354534746760895,0.21790341578327443
random equal-sized partition/profile_logit,partition,random,2,3,1.0,1.0,64,0.8280298119448011,0.03724432493690936,0.08598351001177856,0.287396937573616,0.43462897526501765
random equal-sized partition/class_risk,partition,random,2,3,1.0,1.0,64,0.5158666582942368,0.0080974835597429,0.011778563015312132,0.05889281507656066,0.11778563015312132
random equal-sized partition/deviation,partition,random,2,3,1.0,1.0,64,0.6427639309751998,0.024802528857892386,0.07773851590106007,0.21083627797408716,0.2968197879858657
ZRL (equal weights)/profile_logit,weights,equal,2,3,0.0,1.0,64,0.8473816570484596,0.0428397530950888,0.10011778563015312,0.32626619552414604,0.49352179034157834
ZRL (equal weights)/class_risk,weights,equal,2,3,0.0,1.0,64,0.78616118457442,0.020249390914493612,0.02944640753828033,0.16489988221436985,0.32037691401649
ZRL (equal weights)/deviation,weights,equal,2,3,0.0,1.0,64,0.6864154876755479,0.013957095814617244,0.02120141342756184,0.11307420494699646,0.2037691401648999
logistic regression (all attributes),baseline,lr,2,3,1.0,1.0,64,0.8375381519273233,0.04425820753171715,0.10600706713780919,0.34393404004711425,0.47820965842167257
gradient boosting (all attributes),baseline,gb,2,3,1.0,1.0,64,0.9032235420707877,0.10609112686550486,0.14605418138987045,0.4558303886925795,0.6360424028268551
gradient boosting (behavioural attributes),baseline,gb_behavioural,2,3,1.0,1.0,64,0.8719215874026202,0.09295124265782083,0.1425206124852768,0.4110718492343934,0.5759717314487632
isolation forest (no labels),baseline,iforest,2,3,1.0,1.0,64,0.7466127437209298,0.019526511461003617,0.053003533568904596,0.160188457008245,0.2826855123674912
ZRL/profile_logit,main,main,2,4,1.0,1.0,64,0.8513248844924104,0.0376757388230417,0.09187279151943463,0.29328621908127206,0.47703180212014135
ZRL/class_risk,main,main,2,4,1.0,1.0,64,0.7956154946441667,0.022721205795931267,0.048292108362779744,0.19905771495877503,0.3286219081272085
ZRL/deviation,main,main,2,4,1.0,1.0,64,0.6770592552420993,0.012062559076097103,0.008244994110718492,0.07773851590106007,0.16607773851590105
k-means partition/profile_logit,partition,kmeans,2,4,1.0,1.0,64,0.8531400195171764,0.038967417546028255,0.0977620730270907,0.2968197879858657,0.4664310954063604
k-means partition/class_risk,partition,kmeans,2,4,1.0,1.0,64,0.8301280471105534,0.030340487420451513,0.07538280329799764,0.2508833922261484,0.41460541813898705
k-means partition/deviation,partition,kmeans,2,4,1.0,1.0,64,0.7075833136631667,0.015910264575716378,0.0353356890459364,0.1166077738515901,0.22614840989399293
random equal-sized partition/profile_logit,partition,random,2,4,1.0,1.0,64,0.8267789017792927,0.032587105701276264,0.0812720848056537,0.2673733804475854,0.4334511189634865
random equal-sized partition/class_risk,partition,random,2,4,1.0,1.0,64,0.4956605006578579,0.007422015494559375,0.015312131919905771,0.04711425206124853,0.09658421672555949
random equal-sized partition/deviation,partition,random,2,4,1.0,1.0,64,0.6407823718404585,0.02092199461397952,0.05771495877502945,0.19434628975265017,0.29917550058892817
ZRL (equal weights)/profile_logit,weights,equal,2,4,0.0,1.0,64,0.8549236843768777,0.0413433719993486,0.10129564193168433,0.3133097762073027,0.4793875147232038
ZRL (equal weights)/class_risk,weights,equal,2,4,0.0,1.0,64,0.7926004899636758,0.020747926249155856,0.03651354534746761,0.1707891637220259,0.31919905771495877
ZRL (equal weights)/deviation,weights,equal,2,4,0.0,1.0,64,0.6785034941445108,0.012340173237417783,0.012956419316843345,0.08716136631330977,0.18256772673733804
logistic regression (all attributes),baseline,lr,2,4,1.0,1.0,64,0.8395405370611158,0.04054091311657131,0.12131919905771496,0.30153121319199055,0.45229681978798586
gradient boosting (all attributes),baseline,gb,2,4,1.0,1.0,64,0.9093073659394084,0.0972020740248008,0.15312131919905772,0.46996466431095407,0.6442873969375736
gradient boosting (behavioural attributes),baseline,gb_behavioural,2,4,1.0,1.0,64,0.8739900178527776,0.09315217607709608,0.15783274440518258,0.42402826855123676,0.5759717314487632
isolation forest (no labels),baseline,iforest,2,4,1.0,1.0,64,0.7355706351059684,0.01771508947749392,0.043580683156654886,0.143698468786808,0.29328621908127206
