method,sweep,value,rep,fold,s,q,k,classes,irregular_fraction,mse,index,seconds
ZRL,main,main,0,0,1.0,1.0,64,64,0.08581349206349206,0.001111595408615029,0.5103187217230495,380.8067276477814
k-means partition,partition,kmeans,0,0,1.0,1.0,64,64,0.02628968253968254,0.001011802279256995,0.5104194153525637,86.32870769500732
random equal-sized partition,partition,random,0,0,1.0,1.0,64,64,1.0,0.017952221353244712,0.4934596180250239,92.75147581100464
ZRL (equal weights),weights,equal,0,0,0.0,1.0,64,64,0.039186507936507936,0.0009887820741962176,0.5687626135184948,337.48899698257446
ZRL,main,main,0,1,1.0,1.0,64,64,0.08581349206349206,0.001111595408615029,0.5103187217230495,380.8067276477814
k-means partition,partition,kmeans,0,1,1.0,1.0,64,64,0.02628968253968254,0.001011802279256995,0.5104194153525637,86.32870769500732
random equal-sized partition,partition,random,0,1,1.0,1.0,64,64,1.0,0.017952221353244712,0.4934596180250239,92.75147581100464
ZRL (equal weights),weights,equal,0,1,0.0,1.0,64,64,0.039186507936507936,0.0009887820741962176,0.5687626135184948,337.48899698257446
ZRL,main,main,0,2,1.0,1.0,64,64,0.08581349206349206,0.001111595408615029,0.5103187217230495,380.8067276477814
k-means partition,partition,kmeans,0,2,1.0,1.0,64,64,0.02628968253968254,0.001011802279256995,0.5104194153525637,86.32870769500732
random equal-sized partition,partition,random,0,2,1.0,1.0,64,64,1.0,0.017952221353244712,0.4934596180250239,92.75147581100464
ZRL (equal weights),weights,equal,0,2,0.0,1.0,64,64,0.039186507936507936,0.0009887820741962176,0.5687626135184948,337.48899698257446
ZRL,main,main,0,3,1.0,1.0,64,64,0.08581349206349206,0.001111595408615029,0.5103187217230495,380.8067276477814
k-means partition,partition,kmeans,0,3,1.0,1.0,64,64,0.02628968253968254,0.001011802279256995,0.5104194153525637,86.32870769500732
random equal-sized partition,partition,random,0,3,1.0,1.0,64,64,1.0,0.017952221353244712,0.4934596180250239,92.75147581100464
ZRL (equal weights),weights,equal,0,3,0.0,1.0,64,64,0.039186507936507936,0.0009887820741962176,0.5687626135184948,337.48899698257446
ZRL,main,main,0,4,1.0,1.0,64,64,0.08581349206349206,0.001111595408615029,0.5103187217230495,380.8067276477814
k-means partition,partition,kmeans,0,4,1.0,1.0,64,64,0.02628968253968254,0.001011802279256995,0.5104194153525637,86.32870769500732
random equal-sized partition,partition,random,0,4,1.0,1.0,64,64,1.0,0.017952221353244712,0.4934596180250239,92.75147581100464
ZRL (equal weights),weights,equal,0,4,0.0,1.0,64,64,0.039186507936507936,0.0009887820741962176,0.5687626135184948,337.48899698257446
ZRL,main,main,1,0,1.0,1.0,64,64,0.08581349206349206,0.001111595408615029,0.5103187217230495,380.8067276477814
k-means partition,partition,kmeans,1,0,1.0,1.0,64,64,0.02628968253968254,0.001011802279256995,0.5104194153525637,86.32870769500732
random equal-sized partition,partition,random,1,0,1.0,1.0,64,64,1.0,0.017952221353244712,0.4934596180250239,92.75147581100464
ZRL (equal weights),weights,equal,1,0,0.0,1.0,64,64,0.039186507936507936,0.0009887820741962176,0.5687626135184948,337.48899698257446
ZRL,main,main,1,1,1.0,1.0,64,64,0.08581349206349206,0.001111595408615029,0.5103187217230495,380.8067276477814
k-means partition,partition,kmeans,1,1,1.0,1.0,64,64,0.02628968253968254,0.001011802279256995,0.5104194153525637,86.32870769500732
random equal-sized partition,partition,random,1,1,1.0,1.0,64,64,1.0,0.017952221353244712,0.4934596180250239,92.75147581100464
ZRL (equal weights),weights,equal,1,1,0.0,1.0,64,64,0.039186507936507936,0.0009887820741962176,0.5687626135184948,337.48899698257446
ZRL,main,main,1,2,1.0,1.0,64,64,0.08581349206349206,0.001111595408615029,0.5103187217230495,380.8067276477814
k-means partition,partition,kmeans,1,2,1.0,1.0,64,64,0.02628968253968254,0.001011802279256995,0.5104194153525637,86.32870769500732
random equal-sized partition,partition,random,1,2,1.0,1.0,64,64,1.0,0.017952221353244712,0.4934596180250239,92.75147581100464
ZRL (equal weights),weights,equal,1,2,0.0,1.0,64,64,0.039186507936507936,0.0009887820741962176,0.5687626135184948,337.48899698257446
ZRL,main,main,1,3,1.0,1.0,64,64,0.08581349206349206,0.001111595408615029,0.5103187217230495,380.8067276477814
k-means partition,partition,kmeans,1,3,1.0,1.0,64,64,0.02628968253968254,0.001011802279256995,0.5104194153525637,86.32870769500732
random equal-sized partition,partition,random,1,3,1.0,1.0,64,64,1.0,0.017952221353244712,0.4934596180250239,92.75147581100464
ZRL (equal weights),weights,equal,1,3,0.0,1.0,64,64,0.039186507936507936,0.0009887820741962176,0.5687626135184948,337.48899698257446
ZRL,main,main,1,4,1.0,1.0,64,64,0.08581349206349206,0.001111595408615029,0.5103187217230495,380.8067276477814
k-means partition,partition,kmeans,1,4,1.0,1.0,64,64,0.02628968253968254,0.001011802279256995,0.5104194153525637,86.32870769500732
random equal-sized partition,partition,random,1,4,1.0,1.0,64,64,1.0,0.017952221353244712,0.4934596180250239,92.75147581100464
ZRL (equal weights),weights,equal,1,4,0.0,1.0,64,64,0.039186507936507936,0.0009887820741962176,0.5687626135184948,337.48899698257446
ZRL,main,main,2,0,1.0,1.0,64,64,0.08581349206349206,0.001111595408615029,0.5103187217230495,380.8067276477814
k-means partition,partition,kmeans,2,0,1.0,1.0,64,64,0.02628968253968254,0.001011802279256995,0.5104194153525637,86.32870769500732
random equal-sized partition,partition,random,2,0,1.0,1.0,64,64,1.0,0.017952221353244712,0.4934596180250239,92.75147581100464
ZRL (equal weights),weights,equal,2,0,0.0,1.0,64,64,0.039186507936507936,0.0009887820741962176,0.5687626135184948,337.48899698257446
ZRL,main,main,2,1,1.0,1.0,64,64,0.08581349206349206,0.001111595408615029,0.5103187217230495,380.8067276477814
k-means partition,partition,kmeans,2,1,1.0,1.0,64,64,0.02628968253968254,0.001011802279256995,0.5104194153525637,86.32870769500732
random equal-sized partition,partition,random,2,1,1.0,1.0,64,64,1.0,0.017952221353244712,0.4934596180250239,92.75147581100464
ZRL (equal weights),weights,equal,2,1,0.0,1.0,64,64,0.039186507936507936,0.0009887820741962176,0.5687626135184948,337.48899698257446
ZRL,main,main,2,2,1.0,1.0,64,64,0.08581349206349206,0.001111595408615029,0.5103187217230495,380.8067276477814
k-means partition,partition,kmeans,2,2,1.0,1.0,64,64,0.02628968253968254,0.001011802279256995,0.5104194153525637,86.32870769500732
random equal-sized partition,partition,random,2,2,1.0,1.0,64,64,1.0,0.017952221353244712,0.4934596180250239,92.75147581100464
ZRL (equal weights),weights,equal,2,2,0.0,1.0,64,64,0.039186507936507936,0.0009887820741962176,0.5687626135184948,337.48899698257446
ZRL,main,main,2,3,1.0,1.0,64,64,0.08581349206349206,0.001111595408615029,0.5103187217230495,380.8067276477814
k-means partition,partition,kmeans,2,3,1.0,1.0,64,64,0.02628968253968254,0.001011802279256995,0.5104194153525637,86.32870769500732
random equal-sized partition,partition,random,2,3,1.0,1.0,64,64,1.0,0.017952221353244712,0.4934596180250239,92.75147581100464
ZRL (equal weights),weights,equal,2,3,0.0,1.0,64,64,0.039186507936507936,0.0009887820741962176,0.5687626135184948,337.48899698257446
ZRL,main,main,2,4,1.0,1.0,64,64,0.08581349206349206,0.001111595408615029,0.5103187217230495,380.8067276477814
k-means partition,partition,kmeans,2,4,1.0,1.0,64,64,0.02628968253968254,0.001011802279256995,0.5104194153525637,86.32870769500732
random equal-sized partition,partition,random,2,4,1.0,1.0,64,64,1.0,0.017952221353244712,0.4934596180250239,92.75147581100464
ZRL (equal weights),weights,equal,2,4,0.0,1.0,64,64,0.039186507936507936,0.0009887820741962176,0.5687626135184948,337.48899698257446
