method,rep,fold,seed,auc,ap,recall_top1,recall_top5,recall_top10
ZRL-U/profile_logit,0,0,0,0.8686318300889015,0.1228212619677712,0.15634218289085547,0.4287118977384464,0.567354965585054
ZRL-U/class_risk,0,0,0,0.7953438667243757,0.03553299592954613,0.04031465093411996,0.18289085545722714,0.32645034414945917
ZRL-U/deviation,0,0,0,0.6499117143769744,0.01864982060714147,0.012782694198623401,0.06784660766961652,0.14355948869223206
ZRL-U/profile_logit,0,1,0,0.8669078543853233,0.12161894286795993,0.16224188790560473,0.408062930186824,0.5535889872173058
ZRL-U/class_risk,0,1,0,0.7955805703086837,0.03542647332916057,0.035398230088495575,0.18387413962635202,0.3421828908554572
ZRL-U/deviation,0,1,0,0.6654414965489137,0.01874005261828048,0.018682399213372666,0.07472959685349066,0.15142576204523106
ZRL-U/profile_logit,0,2,0,0.86893046836288,0.12548407528638936,0.1592920353982301,0.4198623402163225,0.567354965585054
ZRL-U/class_risk,0,2,0,0.7985479208457029,0.039063711618402004,0.0471976401179941,0.2222222222222222,0.36184857423795475
ZRL-U/deviation,0,2,0,0.6500507140857109,0.01740168215584402,0.014749262536873156,0.061946902654867256,0.13274336283185842
ZRL-U/profile_logit,0,3,0,0.8634213614085565,0.11770237344952136,0.1583087512291052,0.42084562438544737,0.5594886922320551
ZRL-U/class_risk,0,3,0,0.7967261144254686,0.036304757029703594,0.04228121927236971,0.18584070796460178,0.336283185840708
ZRL-U/deviation,0,3,0,0.6478511749150759,0.017898051070902258,0.014749262536873156,0.07866273352999016,0.1376597836774828
ZRL-U/profile_logit,0,4,0,0.8711525083269444,0.12714315862978268,0.16895874263261296,0.4155206286836935,0.5451866404715128
ZRL-U/class_risk,0,4,0,0.7994206885525382,0.03719365110888763,0.04223968565815324,0.19646365422396855,0.3575638506876228
ZRL-U/deviation,0,4,0,0.6440226833503884,0.017835099339732777,0.01669941060903733,0.08840864440078586,0.14538310412573674
ZRL-U/profile_logit,0,0,1,0.8667209933072724,0.11693587213442296,0.15339233038348082,0.42281219272369713,0.5712881022615536
ZRL-U/class_risk,0,0,1,0.7934230940577742,0.03716875141334012,0.049164208456243856,0.1976401179941003,0.34316617502458213
ZRL-U/deviation,0,0,1,0.6627203807977143,0.01863164832156009,0.017699115044247787,0.0776794493608653,0.1553588987217306
ZRL-U/profile_logit,0,1,1,0.864161225455933,0.11288402601078858,0.1592920353982301,0.41789577187807275,0.5496558505408063
ZRL-U/class_risk,0,1,1,0.7940622644040102,0.036482989706228056,0.046214355948869225,0.18977384464110128,0.336283185840708
ZRL-U/deviation,0,1,1,0.6693109831610728,0.019283754907105953,0.02359882005899705,0.08062930186823992,0.14945919370698132
ZRL-U/profile_logit,0,2,1,0.8656531423749259,0.10461967837851953,0.13962635201573254,0.4119960668633235,0.567354965585054
ZRL-U/class_risk,0,2,1,0.7961776052545744,0.038892860993115515,0.0471976401179941,0.2222222222222222,0.35103244837758113
ZRL-U/deviation,0,2,1,0.6565102835684659,0.017993350396448997,0.015732546705998034,0.06588003933136677,0.15339233038348082
ZRL-U/profile_logit,0,3,1,0.8617865187472512,0.1063026184528692,0.14749262536873156,0.43461160275319566,0.5575221238938053
ZRL-U/class_risk,0,3,1,0.7945996659199108,0.03621485481461776,0.03343166175024582,0.19862340216322516,0.3352999016715831
ZRL-U/deviation,0,3,1,0.6482660056627417,0.017815900318456524,0.015732546705998034,0.0776794493608653,0.14749262536873156
ZRL-U/profile_logit,0,4,1,0.8699733365927628,0.10815583409125533,0.13654223968565815,0.41453831041257366,0.5530451866404715
ZRL-U/class_risk,0,4,1,0.7951927651769356,0.03771443317813017,0.05206286836935167,0.19155206286836934,0.3388998035363458
ZRL-U/deviation,0,4,1,0.6591317402775401,0.01889748311822579,0.01768172888015717,0.08447937131630648,0.15717092337917485
ZRL-U/profile_logit,0,0,2,0.8700616371567258,0.12089617826250287,0.15142576204523106,0.4198623402163225,0.5742379547689282
ZRL-U/class_risk,0,0,2,0.7993791165141547,0.039065585897789225,0.06489675516224189,0.19469026548672566,0.35103244837758113
ZRL-U/deviation,0,0,2,0.6770881778322639,0.02059183706325074,0.010816125860373648,0.08947885939036382,0.1543756145526057
ZRL-U/profile_logit,0,1,2,0.8668163717629566,0.11637467126984515,0.1592920353982301,0.4218289085545723,0.5555555555555556
ZRL-U/class_risk,0,1,2,0.7920154177392137,0.03647795159997945,0.051130776794493606,0.18584070796460178,0.32940019665683384
ZRL-U/deviation,0,1,2,0.6780226100636031,0.020590243567872746,0.018682399213372666,0.08456243854473942,0.1671583087512291
ZRL-U/profile_logit,0,2,2,0.8674505651066289,0.10979542641184216,0.14257620452310718,0.41789577187807275,0.5703048180924287
ZRL-U/class_risk,0,2,2,0.7990456754625402,0.0400177954087262,0.05703048180924287,0.20943952802359883,0.352015732546706
ZRL-U/deviation,0,2,2,0.667362220895102,0.01947056553993818,0.01671583087512291,0.08259587020648967,0.16027531956735497
ZRL-U/profile_logit,0,3,2,0.8629818993302416,0.10572192995064601,0.14454277286135694,0.4326450344149459,0.5594886922320551
ZRL-U/class_risk,0,3,2,0.7988046713614539,0.038540179885049444,0.05014749262536873,0.19370698131760078,0.34513274336283184
ZRL-U/deviation,0,3,2,0.6602427697289862,0.018975436936306003,0.01671583087512291,0.07079646017699115,0.12684365781710916
ZRL-U/profile_logit,0,4,2,0.8713670419741331,0.10817604453042295,0.14145383104125736,0.4155206286836935,0.5589390962671905
ZRL-U/class_risk,0,4,2,0.7975781840672023,0.03822569351518521,0.05795677799607073,0.1994106090373281,0.35461689587426326
ZRL-U/deviation,0,4,2,0.6682948668041304,0.01961152866871778,0.01669941060903733,0.08055009823182711,0.1512770137524558
ZRL-U/profile_logit,0,0,3,0.8671901241193166,0.11762554312295583,0.14355948869223206,0.4257620452310718,0.5703048180924287
ZRL-U/class_risk,0,0,3,0.7861507571041669,0.03334496543745911,0.0344149459193707,0.16912487708947885,0.3225172074729597
ZRL-U/deviation,0,0,3,0.6509821021310159,0.01775975076383334,0.01376597836774828,0.0727630285152409,0.1415929203539823
ZRL-U/profile_logit,0,1,3,0.865922250836363,0.11073330030858616,0.14945919370698132,0.400196656833825,0.5614552605703048
ZRL-U/class_risk,0,1,3,0.787199267791114,0.03369626886152602,0.03736479842674533,0.16519174041297935,0.32940019665683384
ZRL-U/deviation,0,1,3,0.6644129965530996,0.018927705192098063,0.018682399213372666,0.07079646017699115,0.14945919370698132
ZRL-U/profile_logit,0,2,3,0.864150806366828,0.10209780629154343,0.13274336283185842,0.41002949852507375,0.5663716814159292
ZRL-U/class_risk,0,2,3,0.7909629628985356,0.0356494776921405,0.043264503441494594,0.18289085545722714,0.34316617502458213
ZRL-U/deviation,0,2,3,0.6502872727087792,0.01779727522396322,0.017699115044247787,0.07079646017699115,0.14060963618485742
ZRL-U/profile_logit,0,3,3,0.8598022651377556,0.10287074396977845,0.1415929203539823,0.41887905604719766,0.5545722713864307
ZRL-U/class_risk,0,3,3,0.7907421023697189,0.03449470840181763,0.03736479842674533,0.17010816125860373,0.33235004916420846
ZRL-U/deviation,0,3,3,0.6336585212583665,0.016457791833276378,0.010816125860373648,0.048180924287118974,0.12291052114060963
ZRL-U/profile_logit,0,4,3,0.8675919726798795,0.1060857595909716,0.14243614931237722,0.4165029469548134,0.5569744597249509
ZRL-U/class_risk,0,4,3,0.786374625505943,0.033475784997506974,0.03339882121807466,0.16110019646365423,0.325147347740668
ZRL-U/deviation,0,4,3,0.640886230754667,0.017077785271601052,0.015717092337917484,0.05992141453831041,0.12868369351669942
ZRL-U/profile_logit,0,0,4,0.8660012184717005,0.12679549651022717,0.16027531956735497,0.4257620452310718,0.5693215339233039
ZRL-U/class_risk,0,0,4,0.7943151432466502,0.03606394798279492,0.0471976401179941,0.1887905604719764,0.32841691248770893
ZRL-U/deviation,0,0,4,0.667704130099137,0.019831481167856022,0.014749262536873156,0.07079646017699115,0.168141592920354
ZRL-U/profile_logit,0,1,4,0.8643833423154941,0.1249677852427543,0.16322517207472959,0.41494591937069814,0.5457227138643068
ZRL-U/class_risk,0,1,4,0.7981138344133609,0.03660229001176676,0.046214355948869225,0.18289085545722714,0.3382497541789577
ZRL-U/deviation,0,1,4,0.6824769850777745,0.020375457941597577,0.017699115044247787,0.08062930186823992,0.16519174041297935
ZRL-U/profile_logit,0,2,4,0.8653287010002773,0.11747972270408515,0.16027531956735497,0.4110127826941986,0.5693215339233039
ZRL-U/class_risk,0,2,4,0.7990362711021133,0.03818052538485212,0.04523107177974434,0.21140609636184857,0.34316617502458213
ZRL-U/deviation,0,2,4,0.6662108541685217,0.018895791074324802,0.021632251720747297,0.07571288102261553,0.1504424778761062
ZRL-U/profile_logit,0,3,4,0.8620840637718802,0.11596007126411705,0.15240904621435594,0.4198623402163225,0.5555555555555556
ZRL-U/class_risk,0,3,4,0.7984284667441219,0.03539184772197829,0.035398230088495575,0.17994100294985252,0.3352999016715831
ZRL-U/deviation,0,3,4,0.6564027766890584,0.018237830639018182,0.01966568338249754,0.06981317600786627,0.13176007866273354
ZRL-U/profile_logit,0,4,4,0.8706480136258826,0.12236629072292474,0.15913555992141454,0.42337917485265225,0.5520628683693517
ZRL-U/class_risk,0,4,4,0.7989743815700892,0.036496869413594396,0.03339882121807466,0.18958742632612965,0.33595284872298625
ZRL-U/deviation,0,4,4,0.6633430937604422,0.019002218572986375,0.019646365422396856,0.07956777996070727,0.13948919449901767
